category,name,url,description,nested
Platforms,Node.js,https://github.com/sindresorhus/awesome-nodejs#readme,Async non-blocking event-driven JavaScript runtime built on Chrome's V8 JavaScript engine.,false
Platforms,Cross-Platform,https://github.com/bcoe/awesome-cross-platform-nodejs#readme,Writing cross-platform code on Node.js.,true
Platforms,Frontend Development,https://github.com/dypsilon/frontend-dev-bookmarks#readme,,false
Platforms,iOS,https://github.com/vsouza/awesome-ios#readme,Mobile operating system for Apple phones and tablets.,false
Platforms,Android,https://github.com/JStumpp/awesome-android#readme,Mobile operating system developed by Google.,false
Platforms,IoT & Hybrid Apps,https://github.com/weblancaster/awesome-IoT-hybrid#readme,,false
Platforms,Electron,https://github.com/sindresorhus/awesome-electron#readme,Cross-platform native desktop apps using JavaScript/HTML/CSS.,false
Platforms,Cordova,https://github.com/busterc/awesome-cordova#readme,JavaScript API for hybrid apps.,false
Platforms,React Native,https://github.com/jondot/awesome-react-native#readme,JavaScript framework for writing natively rendering mobile apps for iOS and Android.,false
Platforms,Xamarin,https://github.com/XamSome/awesome-xamarin#readme,"Mobile app development IDE, testing, and distribution.",false
Platforms,Containers,https://github.com/Friz-zy/awesome-linux-containers#readme,,true
Platforms,eBPF,https://github.com/zoidbergwill/awesome-ebpf#readme,Virtual machine that allows you to write more efficient and powerful tracing and monitoring for Linux systems.,true
Platforms,Arch-based Projects,https://github.com/PandaFoss/Awesome-Arch#readme,Linux distributions and projects based on Arch Linux.,true
Platforms,AppImage,https://github.com/AppImageCommunity/awesome-appimage#readme,Package apps in a single file that works on various mainstream Linux distributions.,true
Platforms,Omarchy,https://github.com/aorumbayev/awesome-omarchy#readme,Opinionated Arch Linux and Hyprland desktop environment from the creator of Ruby on Rails.,true
Platforms,Screensavers,https://github.com/agarrharr/awesome-macos-screensavers#readme,,true
Platforms,Apps,https://github.com/jaywcjlove/awesome-mac#readme,,true
Platforms,Open Source Apps,https://github.com/serhii-londar/open-source-mac-os-apps#readme,,true
Platforms,watchOS,https://github.com/yenchenlin/awesome-watchos#readme,Operating system for the Apple Watch.,false
Platforms,JVM,https://github.com/deephacks/awesome-jvm#readme,,false
Platforms,Salesforce,https://github.com/mailtoharshit/awesome-salesforce#readme,,false
Platforms,Amazon Web Services,https://github.com/donnemartin/awesome-aws#readme,,false
Platforms,Windows,https://github.com/0pandadev/awesome-windows#readme,Consumer desktop operating system.,false
Platforms,PowerToys Run Plugins,https://github.com/hlaueriksson/awesome-powertoys-run-plugins#readme,Community plugins for the Windows quick launcher.,true
Platforms,IPFS,https://github.com/ipfs/awesome-ipfs#readme,P2P hypermedia protocol.,false
Platforms,Fuse,https://github.com/fuse-compound/awesome-fuse#readme,Mobile development tools.,false
Platforms,Heroku,https://github.com/ianstormtaylor/awesome-heroku#readme,Cloud platform as a service.,false
Platforms,Raspberry Pi,https://github.com/thibmaek/awesome-raspberry-pi#readme,"Credit card-sized computer aimed at teaching kids programming, but capable of a lot more.",false
Platforms,Qt,https://github.com/JesseTG/awesome-qt#readme,Cross-platform GUI app framework.,false
Platforms,WebExtensions,https://github.com/fregante/Awesome-WebExtensions#readme,Cross-browser extension system.,false
Platforms,Smart TV,https://github.com/vitalets/awesome-smart-tv#readme,Create apps for different TV platforms.,false
Platforms,GNOME,https://github.com/Kazhnuz/awesome-gnome#readme,Simple and distraction-free desktop environment for Linux.,false
Platforms,KDE,https://github.com/francoism90/awesome-kde#readme,A free software community dedicated to creating an open and user-friendly computing experience.,false
Platforms,.NET,https://github.com/quozd/awesome-dotnet#readme,,false
Platforms,Core,https://github.com/thangchung/awesome-dotnet-core#readme,,true
Platforms,Roslyn,https://github.com/ironcev/awesome-roslyn#readme,Open-source compilers and code analysis APIs for C# and VB.NET languages.,true
Platforms,DigitalOcean,https://github.com/jonleibowitz/awesome-digitalocean#readme,Cloud computing platform designed for developers.,false
Platforms,Flutter,https://github.com/Solido/awesome-flutter#readme,Google's mobile SDK for building native iOS and Android apps from a single codebase written in Dart.,false
Platforms,Home Assistant,https://github.com/frenck/awesome-home-assistant#readme,Open source home automation that puts local control and privacy first.,false
Platforms,IBM Cloud,https://github.com/victorshinya/awesome-ibmcloud#readme,Cloud platform for developers and companies.,false
Platforms,Firebase,https://github.com/jthegedus/awesome-firebase#readme,App development platform built on Google Cloud.,false
Platforms,Adafruit IO,https://github.com/adafruit/awesome-adafruitio#readme,Visualize and store data from any device.,false
Platforms,Cloudflare,https://github.com/irazasyed/awesome-cloudflare#readme,"CDN, DNS, DDoS protection, and security for your site.",false
Platforms,Actions on Google,https://github.com/ravirupareliya/awesome-actions-on-google#readme,Developer platform for Google Assistant.,false
Platforms,ESP,https://github.com/agucova/awesome-esp#readme,Low-cost microcontrollers with WiFi and broad IoT applications.,false
Platforms,Deno,https://github.com/denolib/awesome-deno#readme,A secure runtime for JavaScript and TypeScript that uses V8 and is built in Rust.,false
Platforms,DOS,https://github.com/balintkissdev/awesome-dos#readme,Operating system for x86-based personal computers that was popular during the 1980s and early 1990s.,false
Platforms,Nix,https://github.com/nix-community/awesome-nix#readme,Package manager for Linux and other Unix systems that makes package management reliable and reproducible.,false
Platforms,Integration,https://github.com/stn1slv/awesome-integration#readme,Linking together different IT systems (components) to functionally cooperate as a whole.,false
Platforms,Node-RED,https://github.com/naimo84/awesome-nodered#readme,"A programming tool for wiring together hardware devices, APIs, and online services.",false
Platforms,Low Code,https://github.com/zenitysec/awesome-low-code#readme,Allowing business professionals to address their needs on their own with little to no coding skills.,false
Platforms,Capacitor,https://github.com/riderx/awesome-capacitor#readme,Cross-platform open source runtime for building Web Native apps.,false
Platforms,ArcGIS Developer,https://github.com/Esri/awesome-arcgis-developer#readme,Mapping and location analysis platform for developers.,false
Platforms,Bluetooth Low Energy,https://github.com/dotintent/awesome-ble#readme,"Low-power wireless communication protocol ideal for IoT, wearables, and other battery-powered applications.",false
Platforms,Uno Platform,https://github.com/MartinZikmund/awesome-uno-platform#readme,Open-source .NET UI platform for building cross-platform apps.,false
Platforms,Google Cloud,https://github.com/GoogleCloudPlatform/awesome-google-cloud#readme,Cloud computing services by Google.,false
Platforms,Firebase Genkit,https://github.com/xavidop/awesome-firebase-genkit#readme,An open-source framework for building AI-powered apps and features.,false
Platforms,Backstage,https://github.com/shano/awesome-backstage#readme,Open-source platform for building Internal Developer Portals that unify tools and workflows.,false
Programming Languages,JavaScript,https://github.com/sorrycc/awesome-javascript#readme,,false
Programming Languages,Promises,https://github.com/wbinnssmith/awesome-promises#readme,,true
Programming Languages,Standard Style,https://github.com/standard/awesome-standard#readme,Style guide and linter.,true
Programming Languages,Must Watch Talks,https://github.com/bolshchikov/js-must-watch#readme,,true
Programming Languages,Tips,https://github.com/loverajoel/jstips#readme,,true
Programming Languages,Network Layer,https://github.com/Kikobeats/awesome-network-js#readme,,true
Programming Languages,Micro npm Packages,https://github.com/parro-it/awesome-micro-npm-packages#readme,,true
Programming Languages,Mad Science npm Packages,https://github.com/feross/awesome-mad-science#readme,Impossible sounding projects that exist.,true
Programming Languages,Maintenance Modules,https://github.com/maxogden/maintenance-modules#readme,For npm packages.,true
Programming Languages,npm,https://github.com/sindresorhus/awesome-npm#readme,Package manager.,true
Programming Languages,AVA,https://github.com/avajs/awesome-ava#readme,Test runner.,true
Programming Languages,ESLint,https://github.com/dustinspecker/awesome-eslint#readme,Linter.,true
Programming Languages,Functional Programming,https://github.com/stoeffel/awesome-fp-js#readme,,true
Programming Languages,Observables,https://github.com/sindresorhus/awesome-observables#readme,,true
Programming Languages,npm scripts,https://github.com/RyanZim/awesome-npm-scripts#readme,Task runner.,true
Programming Languages,30 Seconds of Code,https://github.com/30-seconds/30-seconds-of-code#readme,Code snippets you can understand in 30 seconds.,true
Programming Languages,Ponyfills,https://github.com/Richienb/awesome-ponyfills#readme,Like polyfills but without overriding native APIs.,true
Programming Languages,Swift,https://github.com/matteocrippa/awesome-swift#readme,"Apple's compiled programming language that is secure, modern, programmer-friendly, and fast.",false
Programming Languages,Education,https://github.com/hsavit1/Awesome-Swift-Education#readme,,true
Programming Languages,Playgrounds,https://github.com/uraimo/Awesome-Swift-Playgrounds#readme,,true
Programming Languages,Python,https://github.com/vinta/awesome-python#readme,General-purpose programming language designed for readability.,false
Programming Languages,Asyncio,https://github.com/timofurrer/awesome-asyncio#readme,Asynchronous I/O in Python 3.,true
Programming Languages,Scientific Audio,https://github.com/faroit/awesome-python-scientific-audio#readme,Scientific research in audio/music.,true
Programming Languages,CircuitPython,https://github.com/adafruit/awesome-circuitpython#readme,A version of Python for microcontrollers.,true
Programming Languages,Data Science,https://github.com/krzjoa/awesome-python-data-science#readme,Data analysis and machine learning.,true
Programming Languages,Typing,https://github.com/typeddjango/awesome-python-typing#readme,Optional static typing for Python.,true
Programming Languages,MicroPython,https://github.com/mcauser/awesome-micropython#readme,A lean and efficient implementation of Python 3 for microcontrollers.,true
Programming Languages,Rust,https://github.com/rust-unofficial/awesome-rust#readme,,false
Programming Languages,Pest,https://github.com/pest-parser/awesome-pest#readme,Parser generator.,true
Programming Languages,Haskell,https://github.com/krispo/awesome-haskell#readme,,false
Programming Languages,PureScript,https://github.com/passy/awesome-purescript#readme,,false
Programming Languages,Go,https://github.com/avelino/awesome-go#readme,,false
Programming Languages,Scala,https://github.com/lauris/awesome-scala#readme,,false
Programming Languages,Scala Native,https://github.com/tindzk/awesome-scala-native#readme,Optimizing ahead-of-time compiler for Scala based on LLVM.,true
Programming Languages,Ruby,https://github.com/markets/awesome-ruby#readme,,false
Programming Languages,Clojure,https://github.com/razum2um/awesome-clojure#readme,,false
Programming Languages,ClojureScript,https://github.com/hantuzun/awesome-clojurescript#readme,,false
Programming Languages,Elixir,https://github.com/h4cc/awesome-elixir#readme,,false
Programming Languages,Elm,https://github.com/sporto/awesome-elm#readme,,false
Programming Languages,Erlang,https://github.com/drobakowski/awesome-erlang#readme,,false
Programming Languages,Julia,https://github.com/svaksha/Julia.jl#readme,High-level dynamic programming language designed to address the needs of high-performance numerical analysis and computational science.,false
Programming Languages,Lua,https://github.com/LewisJEllis/awesome-lua#readme,,false
Programming Languages,C/C++,https://github.com/fffaraz/awesome-cpp#readme,"General-purpose language with a bias toward system programming and embedded, resource-constrained software.",false
Programming Languages,R,https://github.com/qinwf/awesome-R#readme,Functional programming language and environment for statistical computing and graphics.,false
Programming Languages,Learning,https://github.com/iamericfletcher/awesome-r-learning-resources#readme,,true
Programming Languages,D,https://github.com/dlang-community/awesome-d#readme,,false
Programming Languages,Common Lisp,https://github.com/CodyReichert/awesome-cl#readme,Powerful dynamic multiparadigm language that facilitates iterative and interactive development.,false
Programming Languages,Learning,https://github.com/GustavBertram/awesome-common-lisp-learning#readme,,true
Programming Languages,Perl,https://github.com/hachiojipm/awesome-perl#readme,,false
Programming Languages,Groovy,https://github.com/kdabir/awesome-groovy#readme,,false
Programming Languages,Dart,https://github.com/yissachar/awesome-dart#readme,,false
Programming Languages,Java,https://github.com/akullpp/awesome-java#readme,"Popular secure object-oriented language designed for flexibility to ""write once, run anywhere"".",false
Programming Languages,RxJava,https://github.com/eleventigers/awesome-rxjava#readme,,true
Programming Languages,Kotlin,https://github.com/KotlinBy/awesome-kotlin#readme,,false
Programming Languages,OCaml,https://github.com/ocaml-community/awesome-ocaml#readme,,false
Programming Languages,ColdFusion,https://github.com/seancoyne/awesome-coldfusion#readme,,false
Programming Languages,Fortran,https://github.com/rabbiabram/awesome-fortran#readme,,false
Programming Languages,PHP,https://github.com/ziadoz/awesome-php#readme,Server-side scripting language.,false
Programming Languages,Composer,https://github.com/jakoch/awesome-composer#readme,Package manager.,true
Programming Languages,Pascal,https://github.com/Fr0sT-Brutal/awesome-pascal#readme,,false
Programming Languages,AutoHotkey,https://github.com/ahkscript/awesome-AutoHotkey#readme,,false
Programming Languages,AutoIt,https://github.com/J2TeaM/awesome-AutoIt#readme,,false
Programming Languages,Crystal,https://github.com/veelenga/awesome-crystal#readme,,false
Programming Languages,CMake,https://github.com/onqtam/awesome-cmake#readme,"Build, test, and package software.",false
Programming Languages,ActionScript 3,https://github.com/robinrodricks/awesome-actionscript3#readme,Object-oriented language targeting Adobe AIR.,false
Programming Languages,Idris,https://github.com/joaomilho/awesome-idris#readme,General purpose pure functional programming language with dependent types influenced by Haskell and ML.,false
Programming Languages,Ada/SPARK,https://github.com/ohenley/awesome-ada#readme,"Modern programming language designed for large, long-lived apps where reliability and efficiency are essential.",false
Programming Languages,Q#,https://github.com/ebraminio/awesome-qsharp#readme,Domain-specific programming language used for expressing quantum algorithms.,false
Programming Languages,Imba,https://github.com/koolamusic/awesome-imba#readme,Programming language inspired by Ruby and Python and compiles to performant JavaScript.,false
Programming Languages,Vala,https://github.com/desiderantes/awesome-vala#readme,"Programming language designed to take full advantage of the GLib and GNOME ecosystems, while preserving the speed of C code.",false
Programming Languages,Coq,https://github.com/coq-community/awesome-coq#readme,Formal language and environment for programming and specification which facilitates interactive development of machine-checked proofs.,false
Programming Languages,V,https://github.com/vlang/awesome-v#readme,"Simple, fast, safe, compiled language for developing maintainable software.",false
Programming Languages,Move,https://github.com/MystenLabs/awesome-move#readme,Domain-specific programming language for writing safe smart contracts.,false
Programming Languages,Esolangs,https://github.com/angrykoala/awesome-esolangs#readme,Programming languages designed for experimentation or as jokes rather than actual use.,false
Programming Languages,VBA,https://github.com/sancarn/awesome-vba#readme,An event-driven version of Visual Basic 6.0 built into most Microsoft Office apps for automation and scripting.,false
Programming Languages,F#,https://github.com/fsprojects/awesome-fsharp#readme,A .NET-based language with focus on functional programming.,false
Front-End Development,ES6 Tools,https://github.com/addyosmani/es6-tools#readme,,false
Front-End Development,Web Performance Optimization,https://github.com/davidsonfellipe/awesome-wpo#readme,,false
Front-End Development,Web Tools,https://github.com/lvwzhen/tools#readme,,false
Front-End Development,CSS,https://github.com/awesome-css-group/awesome-css#readme,Style sheet language that specifies how HTML elements are displayed on screen.,false
Front-End Development,Critical-Path Tools,https://github.com/addyosmani/critical-path-css-tools#readme,,true
Front-End Development,Scalability,https://github.com/davidtheclark/scalable-css-reading-list#readme,,true
Front-End Development,Must-Watch Talks,https://github.com/AllThingsSmitty/must-watch-css#readme,,true
Front-End Development,Protips,https://github.com/AllThingsSmitty/css-protips#readme,,true
Front-End Development,Frameworks,https://github.com/troxler/awesome-css-frameworks#readme,,true
Front-End Development,React,https://github.com/enaqx/awesome-react#readme,JavaScript library for building user interfaces.,false
Front-End Development,Relay,https://github.com/expede/awesome-relay#readme,Framework for building data-driven React apps.,true
Front-End Development,React Hooks,https://github.com/glauberfc/awesome-react-hooks#readme,Lets you use state and other React features without writing a class.,true
Front-End Development,Web Components,https://github.com/web-padawan/awesome-web-components#readme,,false
Front-End Development,Polymer,https://github.com/Granze/awesome-polymer#readme,JavaScript library to develop Web Components.,false
Front-End Development,Angular,https://github.com/PatrickJS/awesome-angular#readme,App framework.,false
Front-End Development,Backbone,https://github.com/sadcitizen/awesome-backbone#readme,App framework.,false
Front-End Development,HTML5,https://github.com/diegocard/awesome-html5#readme,Markup language used for websites & web apps.,false
Front-End Development,SVG,https://github.com/willianjusten/awesome-svg#readme,XML-based vector image format.,false
Front-End Development,Canvas,https://github.com/raphamorim/awesome-canvas#readme,,false
Front-End Development,KnockoutJS,https://github.com/dnbard/awesome-knockout#readme,JavaScript library.,false
Front-End Development,Dojo Toolkit,https://github.com/petk/awesome-dojo#readme,JavaScript toolkit.,false
Front-End Development,Inspiration,https://github.com/NoahBuscher/Inspire#readme,,false
Front-End Development,Ember,https://github.com/ember-community-russia/awesome-ember#readme,App framework.,false
Front-End Development,Android UI,https://github.com/wasabeef/awesome-android-ui#readme,,false
Front-End Development,iOS UI,https://github.com/cjwirth/awesome-ios-ui#readme,,false
Front-End Development,Meteor,https://github.com/Urigo/awesome-meteor#readme,,false
Front-End Development,BEM,https://github.com/sturobson/BEM-resources#readme,,false
Front-End Development,Flexbox,https://github.com/afonsopacifer/awesome-flexbox#readme,,false
Front-End Development,Web Typography,https://github.com/deanhume/typography#readme,,false
Front-End Development,Web Accessibility,https://github.com/brunopulis/awesome-a11y#readme,,false
Front-End Development,Material Design,https://github.com/sachin1092/awesome-material#readme,,false
Front-End Development,D3,https://github.com/wbkd/awesome-d3#readme,"Library for producing dynamic, interactive data visualizations.",false
Front-End Development,Emails,https://github.com/jonathandion/awesome-emails#readme,,false
Front-End Development,jQuery,https://github.com/petk/awesome-jquery#readme,Easy to use JavaScript library for DOM manipulation.,false
Front-End Development,Tips,https://github.com/AllThingsSmitty/jquery-tips-everyone-should-know#readme,,true
Front-End Development,Web Audio,https://github.com/notthetup/awesome-webaudio#readme,,false
Front-End Development,Offline-First,https://github.com/pazguille/offline-first#readme,,false
Front-End Development,Static Website Services,https://github.com/agarrharr/awesome-static-website-services#readme,,false
Front-End Development,Cycle.js,https://github.com/cyclejs-community/awesome-cyclejs#readme,Functional and reactive JavaScript framework.,false
Front-End Development,Text Editing,https://github.com/dok/awesome-text-editing#readme,,false
Front-End Development,Motion UI Design,https://github.com/fliptheweb/motion-ui-design#readme,,false
Front-End Development,Vue.js,https://github.com/vuejs/awesome-vue#readme,App framework.,false
Front-End Development,Marionette.js,https://github.com/sadcitizen/awesome-marionette#readme,App framework.,false
Front-End Development,Aurelia,https://github.com/aurelia-contrib/awesome-aurelia#readme,App framework.,false
Front-End Development,Charting,https://github.com/zingchart/awesome-charting#readme,,false
Front-End Development,Ionic Framework,https://github.com/candelibas/awesome-ionic#readme,,false
Front-End Development,Chrome DevTools,https://github.com/ChromeDevTools/awesome-chrome-devtools#readme,,false
Front-End Development,PostCSS,https://github.com/jdrgomes/awesome-postcss#readme,CSS tool.,false
Front-End Development,Draft.js,https://github.com/nikgraf/awesome-draft-js#readme,Rich text editor framework for React.,false
Front-End Development,Service Workers,https://github.com/TalAter/awesome-service-workers#readme,,false
Front-End Development,Progressive Web Apps,https://github.com/TalAter/awesome-progressive-web-apps#readme,,false
Front-End Development,choo,https://github.com/choojs/awesome-choo#readme,App framework.,false
Front-End Development,Redux,https://github.com/brillout/awesome-redux#readme,State container for JavaScript apps.,false
Front-End Development,Browserify,https://github.com/browserify/awesome-browserify#readme,Module bundler.,false
Front-End Development,Sass,https://github.com/Famolus/awesome-sass#readme,CSS preprocessor.,false
Front-End Development,Ant Design,https://github.com/websemantics/awesome-ant-design#readme,Enterprise-class UI design language.,false
Front-End Development,Less,https://github.com/LucasBassetti/awesome-less#readme,CSS preprocessor.,false
Front-End Development,WebGL,https://github.com/sjfricke/awesome-webgl#readme,JavaScript API for rendering 3D graphics.,false
Front-End Development,Preact,https://github.com/preactjs/awesome-preact#readme,App framework.,false
Front-End Development,Progressive Enhancement,https://github.com/jbmoelker/progressive-enhancement-resources#readme,,false
Front-End Development,Next.js,https://github.com/unicodeveloper/awesome-nextjs#readme,Framework for server-rendered React apps.,false
Front-End Development,lit,https://github.com/web-padawan/awesome-lit#readme,Library for building web components with a declarative template system.,false
Front-End Development,JAMstack,https://github.com/automata/awesome-jamstack#readme,"Modern web development architecture based on client-side JavaScript, reusable APIs, and prebuilt markup.",false
Front-End Development,WordPress-Gatsby,https://github.com/henrikwirth/awesome-wordpress-gatsby#readme,Web development technology stack with WordPress as a back end and Gatsby as a front end.,false
Front-End Development,Mobile Web Development,https://github.com/myshov/awesome-mobile-web-development#readme,Creating a great mobile web experience.,false
Front-End Development,Storybook,https://github.com/lauthieb/awesome-storybook#readme,Development environment for UI components.,false
Front-End Development,Blazor,https://github.com/AdrienTorris/awesome-blazor#readme,.NET web framework using C#/Razor and HTML that runs in the browser with WebAssembly.,false
Front-End Development,PageSpeed Metrics,https://github.com/csabapalfi/awesome-pagespeed-metrics#readme,Metrics to help understand page speed and user experience.,false
Front-End Development,Tailwind CSS,https://github.com/aniftyco/awesome-tailwindcss#readme,Utility-first CSS framework for rapid UI development.,false
Front-End Development,Seed,https://github.com/seed-rs/awesome-seed-rs#readme,Rust framework for creating web apps running in WebAssembly.,false
Front-End Development,Web Performance Budget,https://github.com/pajaydev/awesome-web-performance-budget#readme,Techniques to ensure certain performance metrics for a website.,false
Front-End Development,Web Animation,https://github.com/sergey-pimenov/awesome-web-animation#readme,"Animations in the browser with JavaScript, CSS, SVG, etc.",false
Front-End Development,Yew,https://github.com/jetli/awesome-yew#readme,Rust framework inspired by Elm and React for creating multi-threaded frontend web apps with WebAssembly.,false
Front-End Development,Material-UI,https://github.com/nadunindunil/awesome-material-ui#readme,Material Design React components for faster and easier web development.,false
Front-End Development,Building Blocks for Web Apps,https://github.com/componently-com/awesome-building-blocks-for-web-apps#readme,Standalone features to be integrated into web apps.,false
Front-End Development,Svelte,https://github.com/TheComputerM/awesome-svelte#readme,App framework.,false
Front-End Development,Design systems,https://github.com/klaufel/awesome-design-systems#readme,"Collection of reusable components, guided by rules that ensure consistency and speed.",false
Front-End Development,Inertia.js,https://github.com/innocenzi/awesome-inertiajs#readme,Make single-page apps without building an API.,false
Front-End Development,MDBootstrap,https://github.com/mdbootstrap/awesome-mdbootstrap#readme,"Templates, layouts, components, and widgets to rapidly build websites.",false
Front-End Development,Master CSS,https://github.com/master-co/awesome-master-css#readme,A virtual CSS language with enhanced syntax.,false
Front-End Development,Hydrogen,https://github.com/shopify/awesome-hydrogen#readme,Edge-first framework for building Shopify storefronts with React.,false
Front-End Development,Tiny JS,https://github.com/thoughtspile/awesome-tiny-js#readme,Frontend libraries that fit into 2 kB with dependencies.,false
Front-End Development,Frontend GIS,https://github.com/joewdavies/awesome-frontend-gis#readme,Geographic Information Systems (GIS) for web browsers.,false
Front-End Development,WebGPU,https://github.com/mikbry/awesome-webgpu#readme,JavaScript API for rendering and compute on GPUs.,false
Front-End Development,WebAssembly,https://github.com/idematos/awesome-webassembly#readme,A portable binary format for running code efficiently across platforms.,false
Back-End Development,Flask,https://github.com/mjhea0/awesome-flask#readme,Python framework.,false
Back-End Development,Docker,https://github.com/veggiemonk/awesome-docker#readme,,false
Back-End Development,Vagrant,https://github.com/iJackUA/awesome-vagrant#readme,Automation virtual machine environment.,false
Back-End Development,Pyramid,https://github.com/uralbash/awesome-pyramid#readme,Python framework.,false
Back-End Development,Play1 Framework,https://github.com/PerfectCarl/awesome-play1#readme,,false
Back-End Development,CakePHP,https://github.com/friendsofcake/awesome-cakephp#readme,PHP framework.,false
Back-End Development,Symfony,https://github.com/sitepoint-editors/awesome-symfony#readme,PHP framework.,false
Back-End Development,Education,https://github.com/pehapkari/awesome-symfony-education#readme,,true
Back-End Development,Laravel,https://github.com/chiraggude/awesome-laravel#readme,PHP framework.,false
Back-End Development,Education,https://github.com/fukuball/Awesome-Laravel-Education#readme,,true
Back-End Development,Rails,https://github.com/gramantin/awesome-rails#readme,Web app framework for Ruby.,false
Back-End Development,Gems,https://github.com/hothero/awesome-rails-gem#readme,Packages.,true
Back-End Development,Phalcon,https://github.com/phalcon/awesome-phalcon#readme,PHP framework.,false
Back-End Development,Useful `.htaccess` Snippets,https://github.com/phanan/htaccess#readme,,false
Back-End Development,nginx,https://github.com/fcambus/nginx-resources#readme,Web server.,false
Back-End Development,Dropwizard,https://github.com/stve/awesome-dropwizard#readme,Java framework.,false
Back-End Development,Kubernetes,https://github.com/ramitsurana/awesome-kubernetes#readme,Open-source platform that automates Linux container operations.,false
Back-End Development,Lumen,https://github.com/unicodeveloper/awesome-lumen#readme,PHP micro-framework.,false
Back-End Development,Serverless Framework,https://github.com/pmuens/awesome-serverless#readme,Serverless computing and serverless architectures.,false
Back-End Development,Apache Wicket,https://github.com/PhantomYdn/awesome-wicket#readme,Java web app framework.,false
Back-End Development,Vert.x,https://github.com/vert-x3/vertx-awesome#readme,Toolkit for building reactive apps on the JVM.,false
Back-End Development,Terraform,https://github.com/shuaibiyy/awesome-terraform#readme,"Tool for building, changing, and versioning infrastructure.",false
Back-End Development,Vapor,https://github.com/vapor-community/awesome-vapor#readme,Server-side development in Swift.,false
Back-End Development,Dash,https://github.com/ucg8j/awesome-dash#readme,Python web app framework.,false
Back-End Development,FastAPI,https://github.com/mjhea0/awesome-fastapi#readme,Python web app framework.,false
Back-End Development,CDK,https://github.com/kolomied/awesome-cdk#readme,Open-source software development framework for defining cloud infrastructure in code.,false
Back-End Development,IAM,https://github.com/kdeldycke/awesome-iam#readme,"User accounts, authentication and authorization.",false
Back-End Development,Slim,https://github.com/nekofar/awesome-slim#readme,PHP framework.,false
Back-End Development,Fiber,https://github.com/gofiber/awesome-fiber#readme,"Web framework built on top of Fasthttp, the fastest HTTP engine for Go.",false
Back-End Development,Kustomize,https://github.com/DevOpsHiveHQ/awesome-kustomize#readme,Kubernetes native declarative configuration management tool.,false
Back-End Development,OpenTofu,https://github.com/virtualroot/awesome-opentofu#readme,Open-source infrastructure as code tool.,false
Back-End Development,Reflex,https://github.com/reflex-dev/awesome-reflex#readme,Python web framework for building both your frontend and backend with no JavaScript.,false
Computer Science,University Courses,https://github.com/prakhar1989/awesome-courses#readme,,false
Computer Science,Data Science,https://github.com/academic/awesome-datascience#readme,,false
Computer Science,Tutorials,https://github.com/siboehm/awesome-learn-datascience#readme,,true
Computer Science,Machine Learning,https://github.com/josephmisiti/awesome-machine-learning#readme,,false
Computer Science,Tutorials,https://github.com/ujjwalkarn/Machine-Learning-Tutorials#readme,,true
Computer Science,ML with Ruby,https://github.com/arbox/machine-learning-with-ruby#readme,"Learning, implementing, and applying Machine Learning using Ruby.",true
Computer Science,Core ML Models,https://github.com/likedan/Awesome-CoreML-Models#readme,Models for Apple's machine learning framework.,true
Computer Science,H2O,https://github.com/h2oai/awesome-h2o#readme,"Open source distributed machine learning platform written in Java with APIs in R, Python, and Scala.",true
Computer Science,Software Engineering for Machine Learning,https://github.com/SE-ML/awesome-seml#readme,From experiment to production-level machine learning.,true
Computer Science,AI in Finance,https://github.com/georgezouq/awesome-ai-in-finance#readme,Solving problems in finance with machine learning.,true
Computer Science,JAX,https://github.com/n2cholas/awesome-jax#readme,Automatic differentiation and XLA compilation brought together for high-performance machine learning research.,true
Computer Science,XAI,https://github.com/altamiracorp/awesome-xai#readme,"Providing insight, explanations, and interpretability to machine learning methods.",true
Computer Science,Speech and Natural Language Processing,https://github.com/edobashira/speech-language-processing#readme,,false
Computer Science,Spanish,https://github.com/dav009/awesome-spanish-nlp#readme,,true
Computer Science,NLP with Ruby,https://github.com/arbox/nlp-with-ruby#readme,,true
Computer Science,Question Answering,https://github.com/seriousran/awesome-qa#readme,The science of asking and answering in natural language with a machine.,true
Computer Science,Natural Language Generation,https://github.com/accelerated-text/awesome-nlg#readme,"Generation of text used in data-to-text, conversational agents, and narrative generation applications.",true
Computer Science,Linguistics,https://github.com/theimpossibleastronaut/awesome-linguistics#readme,,false
Computer Science,Cryptography,https://github.com/sobolevn/awesome-cryptography#readme,,false
Computer Science,Papers,https://github.com/pFarb/awesome-crypto-papers#readme,Theory basics for using cryptography by non-cryptographers.,true
Computer Science,Computer Vision,https://github.com/jbhuang0604/awesome-computer-vision#readme,,false
Computer Science,Deep Learning,https://github.com/ChristosChristofidis/awesome-deep-learning#readme,Neural networks.,false
Computer Science,TensorFlow,https://github.com/jtoy/awesome-tensorflow#readme,Library for machine intelligence.,true
Computer Science,TensorFlow.js,https://github.com/aaronhma/awesome-tensorflow-js#readme,WebGL-accelerated machine learning JavaScript library for training and deploying models.,true
Computer Science,TensorFlow Lite,https://github.com/margaretmz/awesome-tensorflow-lite#readme,Framework that optimizes TensorFlow models for on-device machine learning.,true
Computer Science,Papers,https://github.com/terryum/awesome-deep-learning-papers#readme,The most cited deep learning papers.,true
Computer Science,Education,https://github.com/guillaume-chevalier/awesome-deep-learning-resources#readme,,true
Computer Science,Deep Vision,https://github.com/kjw0612/awesome-deep-vision#readme,,false
Computer Science,Open Source Society University,https://github.com/ossu/computer-science#readme,,false
Computer Science,Functional Programming,https://github.com/lucasviola/awesome-functional-programming#readme,,false
Computer Science,Empirical Software Engineering,https://github.com/dspinellis/awesome-msr#readme,Evidence-based research on software systems.,false
Computer Science,Static Analysis & Code Quality,https://github.com/analysis-tools-dev/static-analysis#readme,,false
Computer Science,Information Retrieval,https://github.com/harpribot/awesome-information-retrieval#readme,Learn to develop your own search engine.,false
Computer Science,Quantum Computing,https://github.com/desireevl/awesome-quantum-computing#readme,Computing that utilizes quantum mechanics and qubits on quantum computers.,false
Computer Science,Theoretical Computer Science,https://github.com/mostafatouny/awesome-theoretical-computer-science#readme,"The interplay of computer science and pure mathematics, distinguished by its emphasis on mathematical rigour and technique.",false
Computer Science,Conversational AI,https://github.com/jyguyomarch/awesome-conversational-ai#readme,Build awesome chatbots and digital assistants.,false
Computer Science,Generative AI,https://github.com/steven2358/awesome-generative-ai#readme,"Automatically generates a wide range of unique content in text, image, and audio format.",false
Computer Science,Position-Based Quantum Cryptography,https://github.com/Renaller/awesome-position-based-quantum-cryptography#readme,Theory on quantum cryptography that utilizes special relativistic constraints to achieve quantum-security under certain conditions.,false
Big Data,Big Data,https://github.com/0xnr/awesome-bigdata#readme,,false
Big Data,Public Datasets,https://github.com/awesomedata/awesome-public-datasets#readme,,false
Big Data,Hadoop,https://github.com/youngwookim/awesome-hadoop#readme,Framework for distributed storage and processing of very large data sets.,false
Big Data,Data Engineering,https://github.com/igorbarinov/awesome-data-engineering#readme,,false
Big Data,Streaming,https://github.com/manuzhang/awesome-streaming#readme,,false
Big Data,Apache Spark,https://github.com/awesome-spark/awesome-spark#readme,Unified engine for large-scale data processing.,false
Big Data,Qlik,https://github.com/ambster-public/awesome-qlik#readme,"Business intelligence platform for data visualization, analytics, and reporting apps.",false
Big Data,Splunk,https://github.com/sduff/awesome-splunk#readme,"Platform for searching, monitoring, and analyzing structured and unstructured machine-generated big data in real time.",false
Big Data,Network Analysis,https://github.com/briatte/awesome-network-analysis#readme,,false
Theory,Papers We Love,https://github.com/papers-we-love/papers-we-love#readme,,false
Theory,Talks,https://github.com/JanVanRyswyck/awesome-talks#readme,,false
Theory,Algorithms,https://github.com/tayllan/awesome-algorithms#readme,,false
Theory,Education,https://github.com/gaerae/awesome-algorithms-education#readme,Learning and practicing.,true
Theory,Algorithm Visualizations,https://github.com/enjalot/algovis#readme,,false
Theory,Artificial Intelligence,https://github.com/owainlewis/awesome-artificial-intelligence#readme,,false
Theory,Search Engine Optimization,https://github.com/marcobiedermann/search-engine-optimization#readme,,false
Theory,Competitive Programming,https://github.com/lnishan/awesome-competitive-programming#readme,,false
Theory,Math,https://github.com/rossant/awesome-math#readme,,false
Theory,Recursion Schemes,https://github.com/passy/awesome-recursion-schemes#readme,Traversing nested data structures.,false
Theory,Audit Algorithms,https://github.com/erwanlemerrer/awesome-audit-algorithms#readme,Algorithmic audits of algorithms.,false
Theory,AGI & CoCoSci,https://github.com/YuzheSHI/awesome-agi-cocosci#readme,The reciprocation of Artificial General Intelligence (AGI) and Computational Cognitive Sciences (CoCoSci).,false
Theory,Complex Systems,https://github.com/sellisd/awesome-complexity#readme,The scientific field studying systems with multiple interacting parts and emergent properties.,false
Theory,VLM Architectures,https://github.com/gokayfem/awesome-vlm-architectures#readme,Vision Language Model architectures.,false
Books,Free Programming Books,https://github.com/EbookFoundation/free-programming-books#readme,,false
Books,Go Books,https://github.com/dariubs/GoBooks#readme,,false
Books,R Books,https://github.com/RomanTsegelskyi/rbooks#readme,,false
Books,Mind Expanding Books,https://github.com/hackerkid/Mind-Expanding-Books#readme,,false
Books,Book Authoring,https://github.com/TalAter/awesome-book-authoring#readme,,false
Books,Elixir Books,https://github.com/sger/ElixirBooks#readme,,false
Editors,Sublime Text,https://github.com/dreikanter/sublime-bookmarks#readme,,false
Editors,Vim,https://github.com/mhinz/vim-galore#readme,,false
Editors,Neovim,https://github.com/rockerBOO/awesome-neovim#readme,Vim-fork focused on extensibility and usability.,false
Editors,Emacs,https://github.com/emacs-tw/awesome-emacs#readme,,false
Editors,Visual Studio Code,https://github.com/viatsko/awesome-vscode#readme,Cross-platform open-source text editor.,false
Gaming,Game Development,https://github.com/ellisonleao/magictools#readme,,false
Gaming,Game Talks,https://github.com/hzoo/awesome-gametalks#readme,,false
Gaming,Godot,https://github.com/godotengine/awesome-godot#readme,Game engine.,false
Gaming,Open Source Games,https://github.com/michelpereira/awesome-open-source-games#readme,,false
Gaming,Unity,https://github.com/RyanNielson/awesome-unity#readme,Game engine.,false
Gaming,Chess,https://github.com/hkirat/awesome-chess#readme,,false
Gaming,LÖVE,https://github.com/love2d-community/awesome-love2d#readme,Game engine.,false
Gaming,PICO-8,https://github.com/pico-8/awesome-PICO-8#readme,Fantasy console.,false
Gaming,Game Boy Development,https://github.com/gbdev/awesome-gbdev#readme,,false
Gaming,Construct 2,https://github.com/ConstructCommunity/awesome-construct#readme,Game engine.,false
Gaming,Gideros,https://github.com/stetso/awesome-gideros#readme,Game engine.,false
Gaming,Minecraft,https://github.com/bs-community/awesome-minecraft#readme,Sandbox video game.,false
Gaming,ComputerCraft,https://github.com/tomodachi94/awesome-computercraft#readme,Minecraft mod that adds programmable computers.,false
Gaming,Game Datasets,https://github.com/leomaurodesenv/game-datasets#readme,Materials and datasets for Artificial Intelligence in games.,false
Gaming,Haxe Game Development,https://github.com/Dvergar/awesome-haxe-gamedev#readme,A high-level strongly typed programming language used to produce cross-platform native code.,false
Gaming,libGDX,https://github.com/rafaskb/awesome-libgdx#readme,Java game framework.,false
Gaming,PlayCanvas,https://github.com/playcanvas/awesome-playcanvas#readme,Game engine.,false
Gaming,Game Remakes,https://github.com/radek-sprta/awesome-game-remakes#readme,Actively maintained open-source game remakes.,false
Gaming,Flame,https://github.com/flame-engine/awesome-flame#readme,Game engine for Flutter.,false
Gaming,Discord Communities,https://github.com/mhxion/awesome-discord-communities#readme,Chat with friends and communities.,false
Gaming,CHIP-8,https://github.com/tobiasvl/awesome-chip-8#readme,Virtual computer game machine from the 70s.,false
Gaming,Games of Coding,https://github.com/michelpereira/awesome-games-of-coding#readme,Learn a programming language by making games.,false
Gaming,Esports,https://github.com/strift/awesome-esports#readme,Video games played as a sport.,false
Gaming,Learn Gamedev,https://github.com/notpresident35/awesome-learn-gamedev#readme,The craft of video game creation.,false
Gaming,Game Engine Development,https://github.com/stevinz/awesome-game-engine-dev#readme,Building software to speed up game creation.,false
Gaming,GameMaker,https://github.com/bytecauldron/awesome-gamemaker#readme,Game engine.,false
Gaming,Game Production,https://github.com/vhladiienko/awesome-game-production#readme,"Leading the process of designing, developing, testing and distributing a video game from concept to release.",false
Gaming,Babylon.js,https://github.com/Symbitic/awesome-babylonjs#readme,Game engine for cross-platform web and native game development.,false
Gaming,Roblox,https://github.com/awesome-roblox/awesome-roblox#readme,Immersive platform for hosting millions of diverse experiences.,false
Development Environment,Quick Look Plugins,https://github.com/sindresorhus/quick-look-plugins#readme,For macOS.,false
Development Environment,Dev Env,https://github.com/jondot/awesome-devenv#readme,,false
Development Environment,Dotfiles,https://github.com/webpro/awesome-dotfiles#readme,,false
Development Environment,Shell,https://github.com/alebcay/awesome-shell#readme,,false
Development Environment,Fish,https://github.com/jorgebucaran/awsm.fish#readme,User-friendly shell.,false
Development Environment,Command-Line Apps,https://github.com/agarrharr/awesome-cli-apps#readme,,false
Development Environment,ZSH Plugins,https://github.com/unixorn/awesome-zsh-plugins#readme,,false
Development Environment,GitHub,https://github.com/phillipadsmith/awesome-github#readme,Hosting service for Git repositories.,false
Development Environment,Browser Extensions,https://github.com/stefanbuck/awesome-browser-extensions-for-github#readme,,true
Development Environment,Cheat Sheet,https://github.com/tiimgreen/github-cheat-sheet#readme,,true
Development Environment,Pinned Gists,https://github.com/matchai/awesome-pinned-gists#readme,Dynamic pinned gists for your GitHub profile.,true
Development Environment,Git Cheat Sheet & Git Flow,https://github.com/arslanbilal/git-cheat-sheet#readme,,false
Development Environment,Git Tips,https://github.com/git-tips/tips#readme,,false
Development Environment,Git Add-ons,https://github.com/stevemao/awesome-git-addons#readme,Enhance the `git` CLI.,false
Development Environment,Git Hooks,https://github.com/compscilauren/awesome-git-hooks#readme,Scripts for automating tasks during `git` workflows.,false
Development Environment,SSH,https://github.com/moul/awesome-ssh#readme,,false
Development Environment,FOSS for Developers,https://github.com/tvvocold/FOSS-for-Dev#readme,,false
Development Environment,Hyper,https://github.com/bnb/awesome-hyper#readme,Cross-platform terminal app built on web technologies.,false
Development Environment,Terminals Are Sexy,https://github.com/k4m4/terminals-are-sexy#readme,,false
Development Environment,GitHub Actions,https://github.com/sdras/awesome-actions#readme,Create tasks to automate your workflow and share them with others on GitHub.,false
Development Environment,WezTerm,https://github.com/michaelbrusegard/awesome-wezterm#readme,Powerful cross-platform terminal emulator.,false
Entertainment,Science Fiction,https://github.com/sindresorhus/awesome-scifi#readme,Scifi.,false
Entertainment,Fantasy,https://github.com/RichardLitt/awesome-fantasy#readme,,false
Entertainment,Podcasts,https://github.com/ayr-ton/awesome-geek-podcasts#readme,,false
Entertainment,Email Newsletters,https://github.com/zudochkin/awesome-newsletters#readme,,false
Entertainment,IT Quotes,https://github.com/victorlaerte/awesome-it-quotes#readme,,false
Databases,Database,https://github.com/numetriclabz/awesome-db#readme,,false
Databases,MySQL,https://github.com/shlomi-noach/awesome-mysql#readme,,false
Databases,SQLAlchemy,https://github.com/dahlia/awesome-sqlalchemy#readme,,false
Databases,InfluxDB,https://github.com/mark-rushakoff/awesome-influxdb#readme,,false
Databases,Neo4j,https://github.com/neueda/awesome-neo4j#readme,,false
Databases,MongoDB,https://github.com/ramnes/awesome-mongodb#readme,NoSQL database.,false
Databases,RethinkDB,https://github.com/d3viant0ne/awesome-rethinkdb#readme,,false
Databases,TinkerPop,https://github.com/mohataher/awesome-tinkerpop#readme,Graph computing framework.,false
Databases,PostgreSQL,https://github.com/dhamaniasad/awesome-postgres#readme,Object-relational database.,false
Databases,CouchDB,https://github.com/quangv/awesome-couchdb#readme,Document-oriented NoSQL database.,false
Databases,HBase,https://github.com/rayokota/awesome-hbase#readme,"Distributed, scalable, big data store.",false
Databases,NoSQL Guides,https://github.com/erictleung/awesome-nosql-guides#readme,"Help on using non-relational, distributed, open-source, and horizontally scalable databases.",false
Databases,Database Tools,https://github.com/mgramin/awesome-db-tools#readme,Everything that makes working with databases easier.,false
Databases,TypeDB,https://github.com/vaticle/typedb-awesome#readme,Logical database to organize large and complex networks of data as one body of knowledge.,false
Databases,Cassandra,https://github.com/Anant/awesome-cassandra#readme,"Open-source, distributed, wide column store, NoSQL database management system.",false
Databases,Supabase,https://github.com/lyqht/awesome-supabase#readme,An open-source alternative to Firebase.,false
Databases,PocketBase,https://github.com/benallfree/awesome-pocketbase#readme,"An open-source, Go-based backend in one file.",false
Databases,Neon,https://github.com/tyaga001/awesome-neon#readme,An open-source alternative to AWS Aurora.,false
Media,Fonts,https://github.com/brabadu/awesome-fonts#readme,,false
Media,Codeface,https://github.com/chrissimpkins/codeface#readme,Text editor fonts.,false
Media,Stock Resources,https://github.com/neutraltone/awesome-stock-resources#readme,,false
Media,GIF,https://github.com/davisonio/awesome-gif#readme,Image format known for animated images.,false
Media,Music,https://github.com/ciconia/awesome-music#readme,,false
Media,Open Source Documents,https://github.com/44bits/awesome-opensource-documents#readme,,false
Media,Audio Visualization,https://github.com/willianjusten/awesome-audio-visualization#readme,,false
Media,Broadcasting,https://github.com/ebu/awesome-broadcasting#readme,,false
Media,Pixel Art,https://github.com/Siilwyn/awesome-pixel-art#readme,Pixel-level digital art.,false
Media,FFmpeg,https://github.com/transitive-bullshit/awesome-ffmpeg#readme,"Cross-platform solution to record, convert and stream audio and video.",false
Media,Icons,https://github.com/notlmn/awesome-icons#readme,Downloadable SVG/PNG/font icon projects.,false
Media,Audiovisual,https://github.com/stingalleman/awesome-audiovisual#readme,"Lighting, audio and video in professional environments.",false
Media,VLC,https://github.com/mfkl/awesome-vlc#readme,Cross-platform media player software and streaming server.,false
Media,Audio Over IP,https://github.com/Mo-way/awesome-aoip#readme,"Reliably transmit uncompressed, low-latency audio over an IP (layer 3) network.",false
Learn,CLI Workshoppers,https://github.com/therebelrobot/awesome-workshopper#readme,Interactive tutorials.,false
Learn,Learn to Program,https://github.com/karlhorky/learn-to-program#readme,,false
Learn,Speaking,https://github.com/matteofigus/awesome-speaking#readme,,false
Learn,Tech Videos,https://github.com/lucasviola/awesome-tech-videos#readme,,false
Learn,Computer History,https://github.com/watson/awesome-computer-history#readme,,false
Learn,Programming for Kids,https://github.com/HollyAdele/awesome-programming-for-kids#readme,,false
Learn,STEAM,https://github.com/RahulBirCodes/awesome-steam#readme,"Supplements for specific science, technology, engineering, arts, and math (STEAM) courses across all grade levels.",false
Learn,Educational Games,https://github.com/yrgo/awesome-educational-games#readme,Learn while playing.,false
Learn,JavaScript Learning,https://github.com/micromata/awesome-javascript-learning#readme,,false
Learn,CSS Learning,https://github.com/micromata/awesome-css-learning#readme,Mainly about CSS – the language and the modules.,false
Learn,Product Management,https://github.com/dend/awesome-product-management#readme,Learn how to be a better product manager.,false
Learn,Roadmaps,https://github.com/liuchong/awesome-roadmaps#readme,Gives you a clear route to improve your knowledge and skills.,false
Learn,YouTubers,https://github.com/JoseDeFreitas/awesome-youtubers#readme,Watch video tutorials from YouTubers that teach you about technology.,false
Learn,Hackathon,https://github.com/dribdat/awesome-hackathon#readme,Running fun and productive hackathons.,false
Learn,Certificates,https://github.com/PanXProject/awesome-certificates#readme,Free computer science certifications to showcase your knowledge.,false
Security,Application Security,https://github.com/paragonie/awesome-appsec#readme,,false
Security,Security,https://github.com/sbilly/awesome-security#readme,,false
Security,CTF,https://github.com/apsdehal/awesome-ctf#readme,Capture The Flag.,false
Security,Cyber Security University,https://github.com/brootware/awesome-cyber-security-university#readme,Free educational resources that focus on learning by doing.,false
Security,Malware Analysis,https://github.com/rshipp/awesome-malware-analysis#readme,,false
Security,Android Security,https://github.com/ashishb/android-security-awesome#readme,,false
Security,Hacking,https://github.com/carpedm20/awesome-hacking#readme,,false
Security,Hacking Spots,https://github.com/daviddias/awesome-hacking-locations#readme,,false
Security,Honeypots,https://github.com/paralax/awesome-honeypots#readme,"Deception trap, designed to entice an attacker into attempting to compromise the information systems in an organization.",false
Security,Incident Response,https://github.com/meirwah/awesome-incident-response#readme,,false
Security,Vehicle Security and Car Hacking,https://github.com/jaredthecoder/awesome-vehicle-security#readme,,false
Security,Web Security,https://github.com/qazbnm456/awesome-web-security#readme,Security of web apps & services.,false
Security,Lockpicking,https://github.com/fabacab/awesome-lockpicking#readme,The art of unlocking a lock by manipulating its components without the key.,false
Security,Cybersecurity Blue Team,https://github.com/fabacab/awesome-cybersecurity-blueteam#readme,Groups of individuals who identify security flaws in information technology systems.,false
Security,Fuzzing,https://github.com/cpuu/awesome-fuzzing#readme,Automated software testing technique that involves feeding pseudo-randomly generated input data.,false
Security,Embedded and IoT Security,https://github.com/fkie-cad/awesome-embedded-and-iot-security#readme,,false
Security,GDPR,https://github.com/bakke92/awesome-gdpr#readme,Regulation on data protection and privacy for all individuals within EU.,false
Security,DevSecOps,https://github.com/TaptuIT/awesome-devsecops#readme,Integration of security practices into [DevOps](https://en.wikipedia.org/wiki/DevOps).,false
Security,Executable Packing,https://github.com/dhondta/awesome-executable-packing#readme,Packing and unpacking executable formats.,false
Security,Malware Persistence,https://github.com/Karneades/awesome-malware-persistence#readme,Techniques that adversaries use to keep access to systems across restarts.,false
Security,EVM Security,https://github.com/kareniel/awesome-evm-security#readme,Understanding the Ethereum Virtual Machine security ecosystem.,false
Security,Password Cracking,https://github.com/n0kovo/awesome-password-cracking#readme,The process of recovering passwords from data that has been stored in or transmitted by a system in scrambled form.,false
Security,Security Card Games,https://github.com/Karneades/awesome-security-card-games#readme,Train your skills and discuss various security topics.,false
Security,Suricata,https://github.com/satta/awesome-suricata#readme,Intrusion detection/prevention system and network security monitoring engine.,false
Security,Prompt Injection,https://github.com/FonduAI/awesome-prompt-injection#readme,A type of vulnerability that specifically targets machine learning models.,false
Security,Detection Engineering,https://github.com/infosecB/awesome-detection-engineering#readme,"Design, build, and operate detective cybersecurity controls.",false
Security,Annual Security Reports,https://github.com/jacobdjwilson/awesome-annual-security-reports#readme,"Exploring cybersecurity trends, insights, and challenges.",false
Security,CI/CD Attacks,https://github.com/TupleType/awesome-cicd-attacks#readme,Offensive research of systems and processes related to developing and deploying code.,false
Security,OpenID Connect,https://github.com/cerberauth/awesome-openid-connect#readme,Identity standard and authentication protocol built on OAuth 2.0 for user identity assertion.,false
Content Management Systems,Umbraco,https://github.com/umbraco-community/awesome-umbraco#readme,,false
Content Management Systems,Refinery CMS,https://github.com/refinerycms-contrib/awesome-refinerycms#readme,Ruby on Rails CMS.,false
Content Management Systems,Wagtail,https://github.com/springload/awesome-wagtail#readme,Django CMS focused on flexibility and user experience.,false
Content Management Systems,Textpattern,https://github.com/drmonkeyninja/awesome-textpattern#readme,Lightweight PHP-based CMS.,false
Content Management Systems,Drupal,https://github.com/nirgn975/awesome-drupal#readme,Extensible PHP-based CMS.,false
Content Management Systems,Craft CMS,https://github.com/craftcms/awesome#readme,Content-first CMS.,false
Content Management Systems,Sitecore,https://github.com/MartinMiles/Awesome-Sitecore#readme,.NET digital marketing platform that combines CMS with tools for managing multiple websites.,false
Content Management Systems,Silverstripe CMS,https://github.com/wernerkrauss/awesome-silverstripe-cms#readme,PHP MVC framework that serves as a classic or headless CMS.,false
Content Management Systems,Directus,https://github.com/directus-community/awesome-directus#readme,A real-time API and app dashboard for managing SQL database content.,false
Content Management Systems,Plone,https://github.com/collective/awesome-plone#readme,Open source Python CMS.,false
Content Management Systems,Payload,https://github.com/DanailMinchev/awesome-payload#readme,Next.js native and open source headless CMS.,false
Hardware,Robotics,https://github.com/Kiloreux/awesome-robotics#readme,,false
Hardware,Internet of Things,https://github.com/HQarroum/awesome-iot#readme,,false
Hardware,Electronics,https://github.com/kitspace/awesome-electronics#readme,For electronic engineers and hobbyists.,false
Hardware,Bluetooth Beacons,https://github.com/rabschi/awesome-beacon#readme,,false
Hardware,Electric Guitar Specifications,https://github.com/gitfrage/guitarspecs#readme,Checklist for building your own electric guitar.,false
Hardware,Plotters,https://github.com/beardicus/awesome-plotters#readme,Computer-controlled drawing machines and other visual art robots.,false
Hardware,Robotic Tooling,https://github.com/protontypes/awesome-robotic-tooling#readme,Free and open tools for professional robotic development.,false
Hardware,LIDAR,https://github.com/szenergy/awesome-lidar#readme,Sensor for measuring distances by illuminating the target with laser light.,false
Hardware,Open Hardware,https://github.com/delftopenhardware/awesome-open-hardware#readme,Open-source hardware projects.,false
Hardware,ADS-B,https://github.com/rickstaa/awesome-adsb#readme,"Technology broadcasting aircraft's identity, position, and data periodically.",false
Hardware,Flying FPV,https://github.com/Matthias84/awesome-flying-fpv#readme,Open hardware and software related to drones / UAVs.,false
Business,Open Companies,https://github.com/opencompany/awesome-open-company#readme,,false
Business,Places to Post Your Startup,https://github.com/mmccaff/PlacesToPostYourStartup#readme,,false
Business,OKR Methodology,https://github.com/domenicosolazzo/awesome-okr#readme,Goal setting & communication best practices.,false
Business,Indie,https://github.com/mezod/awesome-indie#readme,Independent developer businesses.,false
Business,Tools of the Trade,https://github.com/cjbarber/ToolsOfTheTrade#readme,Tools used by companies on Hacker News.,false
Business,Clean Tech,https://github.com/nglgzz/awesome-clean-tech#readme,Fighting climate change with technology.,false
Business,Wardley Maps,https://github.com/wardley-maps-community/awesome-wardley-maps#readme,Provides high situational awareness to help improve strategic planning and decision making.,false
Business,Social Enterprise,https://github.com/RayBB/awesome-social-enterprise#readme,Building an organization primarily focused on social impact that is at least partially self-funded.,false
Business,Engineering Team Management,https://github.com/kdeldycke/awesome-engineering-team-management#readme,How to transition from software development to engineering management.,false
Business,Developer-First Products,https://github.com/agamm/awesome-developer-first#readme,Products that target developers as the user.,false
Business,Billing,https://github.com/kdeldycke/awesome-billing#readme,"Payments, invoicing, pricing, accounting, marketplace, fraud, and business intelligence.",false
Business,Engineering Strategy,https://github.com/aleixmorgadas/awesome-engineering-strategy#readme,How to design and execute engineering strategies for tech leadership.,false
Work,Slack,https://github.com/matiassingers/awesome-slack#readme,Team collaboration.,false
Work,Communities,https://github.com/filipelinhares/awesome-slack#readme,,true
Work,Remote Jobs,https://github.com/lukasz-madon/awesome-remote-job#readme,,false
Work,Productivity,https://github.com/jyguyomarch/awesome-productivity#readme,,false
Work,Niche Job Boards,https://github.com/tramcar/awesome-job-boards#readme,,false
Work,Programming Interviews,https://github.com/DopplerHQ/awesome-interview-questions#readme,,false
Work,Code Review,https://github.com/joho/awesome-code-review#readme,Reviewing code.,false
Work,Creative Technology,https://github.com/j0hnm4r5/awesome-creative-technology#readme,"Businesses & groups that specialize in combining computing, design, art, and user experience.",false
Networking,Software-Defined Networking,https://github.com/sdnds-tw/awesome-sdn#readme,,false
Networking,PCAPTools,https://github.com/caesar0301/awesome-pcaptools#readme,,false
Networking,Real-Time Communications,https://github.com/rtckit/awesome-rtc#readme,Network protocols for near simultaneous exchange of media and data.,false
Networking,SNMP,https://github.com/eozer/awesome-snmp#readme,"A protocol for collecting, modifying, and organizing information about managed devices on IP networks.",false
Networking,Scapy,https://github.com/secdev/awesome-scapy#readme,Python-based interactive packet manipulation.,false
Networking,Cilium,https://github.com/seifrajhi/awesome-cilium#readme,"Provides networking and security capabilities for containerized apps, microservices, and virtual machines.",false
Decentralized Systems,Bitcoin,https://github.com/igorbarinov/awesome-bitcoin#readme,Services and tools for Bitcoin software developers.,false
Decentralized Systems,Ripple,https://github.com/vhpoet/awesome-ripple#readme,Open source distributed settlement network.,false
Decentralized Systems,Non-Financial Blockchain,https://github.com/machinomy/awesome-non-financial-blockchain#readme,Applications of Blockchain beyond finance.,false
Decentralized Systems,Mastodon,https://github.com/hyperupcall/awesome-mastodon#readme,Open source decentralized microblogging network.,false
Decentralized Systems,Ethereum,https://github.com/ttumiel/Awesome-Ethereum#readme,Distributed computing platform for smart contract development.,false
Decentralized Systems,Blockchain AI,https://github.com/steven2358/awesome-blockchain-ai#readme,AI and machine-learning projects built on Blockchain.,false
Decentralized Systems,EOSIO,https://github.com/DanailMinchev/awesome-eosio#readme,A decentralized operating system supporting industrial-scale apps.,false
Decentralized Systems,Corda,https://github.com/chainstack/awesome-corda#readme,Open source Blockchain platform designed for business.,false
Decentralized Systems,Waves,https://github.com/msmolyakov/awesome-waves#readme,Open source Blockchain platform and development toolset for Web 3.0 apps and decentralized solutions.,false
Decentralized Systems,Substrate,https://github.com/substrate-developer-hub/awesome-substrate#readme,"Framework for writing scalable, upgradeable blockchains in Rust.",false
Decentralized Systems,Golem,https://github.com/golemfactory/awesome-golem#readme,Open source peer-to-peer marketplace for computing resources.,false
Decentralized Systems,Stacks,https://github.com/friedger/awesome-stacks-chain#readme,A smart contract platform secured by Bitcoin.,false
Decentralized Systems,Algorand,https://github.com/aorumbayev/awesome-algorand#readme,"An open-source, proof of stake Blockchain and smart contract computing platform.",false
Decentralized Systems,ZeroNet,https://github.com/zolagonano/awesome-zeronet#readme,A decentralized web-like network of peer-to-peer users.,false
Decentralized Systems,Cosmos SDK,https://github.com/cosmos/awesome-cosmos#readme,Modular framework for building app-specific blockchains in Go.,false
Decentralized Systems,Tor,https://github.com/polycarbohydrate/awesome-tor#readme,A free overlay network for enabling anonymous communication.,false
Decentralized Systems,ATProto,https://github.com/atblueprints/awesome-atproto#readme,"Open, decentralized network for building social apps.",false
Health and Social Science,Biomedical Information Extraction,https://github.com/caufieldjh/awesome-bioie#readme,How to extract information from unstructured biomedical data and text.,false
Health and Social Science,Computational Neuroscience,https://github.com/eselkin/awesome-computational-neuroscience#readme,A multidisciplinary science which uses computational approaches to study the nervous system.,false
Health and Social Science,Diversity,https://github.com/folkswhocode/awesome-diversity#readme,Creating a more inclusive and diverse tech community.,false
Health and Social Science,Digital History,https://github.com/maehr/awesome-digital-history#readme,Computer-aided scientific investigation of history.,false
Health and Social Science,Empathy in Engineering,https://github.com/KimberlyMunoz/empathy-in-engineering#readme,Building and promoting more compassionate engineering cultures.,false
Health and Social Science,Healthcare,https://github.com/kakoni/awesome-healthcare#readme,"Open source healthcare software for facilities, providers, developers, policy experts, and researchers.",false
Health and Social Science,Mental Health,https://github.com/dreamingechoes/awesome-mental-health#readme,Awareness and self-care in the software industry.,false
Health and Social Science,Neuroscience,https://github.com/analyticalmonk/awesome-neuroscience#readme,Study of the nervous system and brain.,false
Health and Social Science,Digital Humanities,https://github.com/dh-tech/awesome-digital-humanities#readme,Software for humanities scholars using quantitative or computational methods.,false
Health and Social Science,Lucid Dreams,https://github.com/IAmCoder/awesome-lucid-dreams#readme,A dream where one becomes aware they are dreaming.,false
Health and Social Science,Neuroimaging,https://github.com/NPACore/awesome-neuroimaging#readme,Software for analyzing brain data from living subjects.,false
Health and Social Science,Transgender,https://github.com/cvyl/awesome-transgender#readme,Someone whose gender identity differs from their assigned birth sex.,false
Events,Creative Tech Events,https://github.com/danvoyce/awesome-creative-tech-events#readme,"Events around the globe for creative coding, tech, design, music, arts and cool stuff.",false
Events,Events in Italy,https://github.com/ildoc/awesome-italy-events#readme,Tech-related events in Italy.,false
Events,Events in the Netherlands,https://github.com/awkward/awesome-netherlands-events#readme,Tech-related events in the Netherlands.,false
Testing,Testing,https://github.com/TheJambo/awesome-testing#readme,Software testing.,false
Testing,Visual Regression Testing,https://github.com/mojoaxel/awesome-regression-testing#readme,Ensures changes did not break the functionality or style.,false
Testing,Selenium,https://github.com/christian-bromann/awesome-selenium#readme,Open-source browser automation framework and ecosystem.,false
Testing,Appium,https://github.com/SrinivasanTarget/awesome-appium#readme,Test automation tool for apps.,false
Testing,TAP,https://github.com/sindresorhus/awesome-tap#readme,Test Anything Protocol.,false
Testing,JMeter,https://github.com/aliesbelik/awesome-jmeter#readme,Load testing and performance measurement tool.,false
Testing,k6,https://github.com/grafana/awesome-k6#readme,"Open-source, developer-centric performance monitoring and load testing solution.",false
Testing,Playwright,https://github.com/mxschmitt/awesome-playwright#readme,"Node.js library to automate Chromium, Firefox and WebKit with a single API.",false
Testing,Quality Assurance Roadmap,https://github.com/fityanos/awesome-quality-assurance-roadmap#readme,How to start & build a career in software testing.,false
Testing,Gatling,https://github.com/aliesbelik/awesome-gatling#readme,"Open-source load and performance testing framework based on Scala, Akka, and Netty.",false
Testing,CodeRabbit,https://github.com/coderabbitai/awesome-coderabbit#readme,AI-powered code review platform.,false
Miscellaneous,Scientific Writing,https://github.com/writing-resources/awesome-scientific-writing#readme,"Distraction-free scientific writing with Markdown, reStructuredText and Jupyter notebooks.",false
Miscellaneous,JSON,https://github.com/burningtree/awesome-json#readme,Text based data interchange format.,false
Miscellaneous,GeoJSON,https://github.com/tmcw/awesome-geojson#readme,,true
Miscellaneous,CSV,https://github.com/secretGeek/awesomeCSV#readme,A text file format that stores tabular data and uses a comma to separate values.,false
Miscellaneous,Discounts for Student Developers,https://github.com/AchoArnold/discount-for-student-dev#readme,,false
Miscellaneous,Radio,https://github.com/kyleterry/awesome-radio#readme,,false
Miscellaneous,Awesome,https://github.com/sindresorhus/awesome#readme,Recursion illustrated.,false
Miscellaneous,Analytics,https://github.com/0xnr/awesome-analytics#readme,,false
Miscellaneous,REST,https://github.com/marmelab/awesome-rest#readme,,false
Miscellaneous,Continuous Integration and Continuous Delivery,https://github.com/cicdops/awesome-ciandcd#readme,,false
Miscellaneous,Services Engineering,https://github.com/mmcgrana/services-engineering#readme,,false
Miscellaneous,Free for Developers,https://github.com/ripienaar/free-for-dev#readme,,false
Miscellaneous,Sketch,https://github.com/diessica/awesome-sketch#readme,Design app for macOS.,false
Miscellaneous,Boilerplate Projects,https://github.com/melvin0008/awesome-projects-boilerplates#readme,,false
Miscellaneous,Readme,https://github.com/matiassingers/awesome-readme#readme,,false
Miscellaneous,GitHub Wiki,https://github.com/MyHoneyBadger/awesome-github-wiki#readme,Comprehensive documentation on GitHub beyond README.,false
Miscellaneous,Design and Development Guides,https://github.com/NARKOZ/guides#readme,,false
Miscellaneous,Software Engineering Blogs,https://github.com/kilimchoi/engineering-blogs#readme,,false
Miscellaneous,Self Hosted,https://github.com/awesome-selfhosted/awesome-selfhosted#readme,,false
Miscellaneous,FOSS Production Apps,https://github.com/DataDaoDe/awesome-foss-apps#readme,,false
Miscellaneous,Gulp,https://github.com/alferov/awesome-gulp#readme,Task runner.,false
Miscellaneous,AMA,https://github.com/sindresorhus/amas#readme,Ask Me Anything.,false
Miscellaneous,Answers,https://github.com/stoeffel/awesome-ama-answers#readme,,true
Miscellaneous,Open Source Photography,https://github.com/ibaaj/awesome-OpenSourcePhotography#readme,,false
Miscellaneous,OpenGL,https://github.com/eug/awesome-opengl#readme,Cross-platform API for rendering 2D and 3D graphics.,false
Miscellaneous,GraphQL,https://github.com/chentsulin/awesome-graphql#readme,,false
Miscellaneous,Urban & Regional Planning,https://github.com/APA-Technology-Division/urban-and-regional-planning-resources#readme,Concerning the built environment and communities.,false
Miscellaneous,Research Tools,https://github.com/emptymalei/awesome-research#readme,,false
Miscellaneous,Data Visualization,https://github.com/javierluraschi/awesome-dataviz#readme,,false
Miscellaneous,Microservices,https://github.com/mfornos/awesome-microservices#readme,,false
Miscellaneous,Unicode,https://github.com/jagracey/Awesome-Unicode#readme,"Standards, quirks, packages and resources for Unicode.",false
Miscellaneous,Code Points,https://github.com/Codepoints/awesome-codepoints#readme,,true
Miscellaneous,Beginner-Friendly Projects,https://github.com/MunGell/awesome-for-beginners#readme,,false
Miscellaneous,Katas,https://github.com/gamontal/awesome-katas#readme,,false
Miscellaneous,Tools for Activism,https://github.com/drewrwilson/toolsforactivism#readme,,false
Miscellaneous,Citizen Science,https://github.com/dylanrees/citizen-science#readme,For community-based and non-institutional scientists.,false
Miscellaneous,MQTT,https://github.com/hobbyquaker/awesome-mqtt#readme,"""Internet of Things"" connectivity protocol.",false
Miscellaneous,For Girls,https://github.com/cristianoliveira/awesome4girls#readme,,false
Miscellaneous,Vorpal,https://github.com/vorpaljs/awesome-vorpal#readme,Node.js CLI framework.,false
Miscellaneous,Vulkan,https://github.com/vinjn/awesome-vulkan#readme,"Low-overhead, cross-platform 3D graphics and compute API.",false
Miscellaneous,LaTeX,https://github.com/egeerardyn/awesome-LaTeX#readme,Typesetting language.,false
Miscellaneous,Economics,https://github.com/antontarasenko/awesome-economics#readme,An economist's starter kit.,false
Miscellaneous,Funny Markov Chains,https://github.com/sublimino/awesome-funny-markov#readme,,false
Miscellaneous,Bioinformatics,https://github.com/danielecook/Awesome-Bioinformatics#readme,,false
Miscellaneous,Cheminformatics,https://github.com/hsiaoyi0504/awesome-cheminformatics#readme,Informatics techniques applied to problems in chemistry.,false
Miscellaneous,Colorful,https://github.com/Siddharth11/Colorful#readme,Choose your next color scheme.,false
Miscellaneous,Steam,https://github.com/scholtzm/awesome-steam#readme,Digital distribution platform.,false
Miscellaneous,Bots,https://github.com/hackerkid/bots#readme,Building bots.,false
Miscellaneous,Site Reliability Engineering,https://github.com/dastergon/awesome-sre#readme,,false
Miscellaneous,DTrace,https://github.com/xen0l/awesome-dtrace#readme,Dynamic tracing framework.,false
Miscellaneous,Userscripts,https://github.com/bvolpato/awesome-userscripts#readme,Enhance your browsing experience.,false
Miscellaneous,Pokémon,https://github.com/tobiasbueschel/awesome-pokemon#readme,Resources for Pokémon and Pokémon GO.,false
Miscellaneous,ChatOps,https://github.com/exAspArk/awesome-chatops#readme,Managing technical and business operations through a chat.,false
Miscellaneous,Falsehood,https://github.com/kdeldycke/awesome-falsehood#readme,Falsehoods programmers believe in.,false
Miscellaneous,Domain-Driven Design,https://github.com/heynickc/awesome-ddd#readme,Software development approach for complex needs by connecting the implementation to an evolving model.,false
Miscellaneous,Quantified Self,https://github.com/woop/awesome-quantified-self#readme,Self-tracking through technology.,false
Miscellaneous,Web Design,https://github.com/nicolesaidy/awesome-web-design#readme,For digital designers.,false
Miscellaneous,Creative Coding,https://github.com/terkelg/awesome-creative-coding#readme,Programming something expressive instead of something functional.,false
Miscellaneous,No-Login Web Apps,https://github.com/aviaryan/awesome-no-login-web-apps#readme,Web apps that work without login.,false
Miscellaneous,Free Software,https://github.com/johnjago/awesome-free-software#readme,Free as in freedom.,false
Miscellaneous,Framer,https://github.com/podo/awesome-framer#readme,Prototyping interactive UI designs.,false
Miscellaneous,Markdown,https://github.com/BubuAnabelas/awesome-markdown#readme,Markup language.,false
Miscellaneous,Dev Fun,https://github.com/mislavcimpersak/awesome-dev-fun#readme,Funny developer projects.,false
Miscellaneous,Magento 2,https://github.com/DavidLambauer/awesome-magento2#readme,Open Source eCommerce built with PHP.,false
Miscellaneous,TikZ,https://github.com/xiaohanyu/awesome-tikz#readme,Graph drawing packages for TeX/LaTeX/ConTeXt.,false
Miscellaneous,Ad-Free,https://github.com/johnjago/awesome-ad-free#readme,Alternatives without ads.,false
Miscellaneous,Prometheus,https://github.com/roaldnefs/awesome-prometheus#readme,Open-source monitoring system.,false
Miscellaneous,Homematic,https://github.com/homematic-community/awesome-homematic#readme,Smart home devices.,false
Miscellaneous,Ledger,https://github.com/sfischer13/awesome-ledger#readme,Double-entry accounting on the command-line.,false
Miscellaneous,Web Monetization,https://github.com/thomasbnt/awesome-web-monetization#readme,A free open web standard service that allows you to send money directly in your browser.,false
Miscellaneous,Uncopyright,https://github.com/johnjago/awesome-uncopyright#readme,Public domain works.,false
Miscellaneous,Crypto Currency Tools & Algorithms,https://github.com/Zheaoli/awesome-coins#readme,Digital currency where encryption is used to regulate the generation of units and verify transfers.,false
Miscellaneous,Open Source Supporters,https://github.com/zachflower/awesome-open-source-supporters#readme,Companies that offer their tools and services for free to open source projects.,false
Miscellaneous,Design Principles,https://github.com/robinstickel/awesome-design-principles#readme,Create better and more consistent designs and experiences.,false
Miscellaneous,Theravada,https://github.com/johnjago/awesome-theravada#readme,Teachings from the Theravada Buddhist tradition.,false
Miscellaneous,inspectIT,https://github.com/inspectit-labs/awesome-inspectit#readme,Open source Java app performance management tool.,false
Miscellaneous,Open Source Maintainers,https://github.com/nayafia/awesome-maintainers#readme,The experience of being an open source maintainer.,false
Miscellaneous,Calculators,https://github.com/xxczaki/awesome-calculators#readme,Tools for every platform.,false
Miscellaneous,Captcha,https://github.com/ZYSzys/awesome-captcha#readme,A type of challenge–response test used in computing to determine whether or not the user is human.,false
Miscellaneous,Jupyter,https://github.com/markusschanta/awesome-jupyter#readme,"Create and share documents that contain code, equations, visualizations and narrative text.",false
Miscellaneous,FIRST Robotics Competition,https://github.com/andrewda/awesome-frc#readme,International high school robotics championship.,false
Miscellaneous,Speakers,https://github.com/karlhorky/awesome-speakers#readme,Conference and meetup speakers in the programming and design community.,false
Miscellaneous,Board Games,https://github.com/edm00se/awesome-board-games#readme,Table-top gaming fun for all.,false
Miscellaneous,Software Patreons,https://github.com/uraimo/awesome-software-patreons#readme,Fund individual programmers or the development of open source projects.,false
Miscellaneous,Parasite,https://github.com/ecohealthalliance/awesome-parasite#readme,Parasites and host-pathogen interactions.,false
Miscellaneous,Food,https://github.com/jzarca01/awesome-food#readme,Projects on GitHub related to food.,false
Miscellaneous,Bitcoin Payment Processors,https://github.com/alexk111/awesome-bitcoin-payment-processors#readme,Start accepting Bitcoin.,false
Miscellaneous,Scientific Computing,https://github.com/nschloe/awesome-scientific-computing#readme,Solving complex scientific problems using computers.,false
Miscellaneous,Amazon Sellers,https://github.com/ScaleLeap/awesome-amazon-seller#readme,,false
Miscellaneous,Agriculture,https://github.com/brycejohnston/awesome-agriculture#readme,Open source technology for farming and gardening.,false
Miscellaneous,Product Design,https://github.com/ttt30ga/awesome-product-design#readme,Design a product from the initial concept to production.,false
Miscellaneous,Prisma,https://github.com/catalinmiron/awesome-prisma#readme,Turn your database into a GraphQL API.,false
Miscellaneous,Software Architecture,https://github.com/simskij/awesome-software-architecture#readme,The discipline of designing and building software.,false
Miscellaneous,Connectivity Data and Reports,https://github.com/stevesong/awesome-connectivity-info#readme,Better understand who has access to telecommunication and internet infrastructure and on what terms.,false
Miscellaneous,Stacks,https://github.com/stackshareio/awesome-stacks#readme,Tech stacks for building different apps and features.,false
Miscellaneous,Cytodata,https://github.com/cytodata/awesome-cytodata#readme,Image-based profiling of biological phenotypes for computational biologists.,false
Miscellaneous,IRC,https://github.com/davisonio/awesome-irc#readme,Open source messaging protocol.,false
Miscellaneous,Advertising,https://github.com/cenoura/awesome-ads#readme,Programmatic media and ad tech for websites.,false
Miscellaneous,Earth,https://github.com/philsturgeon/awesome-earth#readme,Find ways to resolve the climate crisis.,false
Miscellaneous,Naming,https://github.com/gruhn/awesome-naming#readme,Guides for naming things in computer science.,false
Miscellaneous,Web Archiving,https://github.com/iipc/awesome-web-archiving#readme,An effort to preserve the Web for future generations.,false
Miscellaneous,WP-CLI,https://github.com/schlessera/awesome-wp-cli#readme,Command-line interface for WordPress.,false
Miscellaneous,Credit Modeling,https://github.com/mourarthur/awesome-credit-modeling#readme,Methods for classifying credit applicants into risk classes.,false
Miscellaneous,Ansible,https://github.com/ansible-community/awesome-ansible#readme,"A Python-based, open-source IT configuration management and automation platform.",false
Miscellaneous,Biological Visualizations,https://github.com/keller-mark/awesome-biological-visualizations#readme,Interactive visualization of biological data on the web.,false
Miscellaneous,QR Code,https://github.com/make-github-pseudonymous-again/awesome-qr-code#readme,A type of matrix barcode that can be used to store and share a small amount of information.,false
Miscellaneous,Veganism,https://github.com/sdassow/awesome-veganism#readme,Making the plant-based lifestyle easy and accessible.,false
Miscellaneous,Translations,https://github.com/mbiesiad/awesome-translations#readme,The transfer of the meaning of a text from one language to another.,false
Miscellaneous,Scriptable,https://github.com/dersvenhesse/awesome-scriptable#readme,An iOS app for automation in JavaScript.,false
Miscellaneous,WebXR,https://github.com/msub2/awesome-webxr#readme,Enables immersive virtual reality and augmented reality content on the web.,false
Miscellaneous,Computational Geometry,https://github.com/atkirtland/awesome-computational-geometry#readme,Computational approaches for problems in geometry.,false
Miscellaneous,OpenStreetMap,https://github.com/osmlab/awesome-openstreetmap#readme,An open data mapping project utilized by many apps and devices.,false
Miscellaneous,Computational Biology,https://github.com/inoue0426/awesome-computational-biology#readme,Computational approaches applied to problems in biology.,false
Miscellaneous,Read the Docs,https://github.com/readthedocs-examples/awesome-read-the-docs#readme,Example documentation projects to inspire and help bootstrap new documentation projects.,false
Miscellaneous,Quarto,https://github.com/mcanouil/awesome-quarto#readme,Scientific and technical open-source publishing system built on Pandoc.,false
Miscellaneous,Biological Image Analysis,https://github.com/hallvaaw/awesome-biological-image-analysis#readme,Interpreting biological phenomena using images.,false
Miscellaneous,ChatGPT,https://github.com/sindresorhus/awesome-chatgpt#readme,Artificial intelligence chatbot developed by OpenAI.,false
Miscellaneous,Whisper,https://github.com/sindresorhus/awesome-whisper#readme,Open-source AI-powered speech recognition system developed by OpenAI.,false
Miscellaneous,Stock Trading,https://github.com/shi-rudo/awesome-stock-trading#readme,Purchase and sale of equities of publicly traded companies to generate profits.,false
Miscellaneous,Steam Deck,https://github.com/airscripts/awesome-steam-deck#readme,A handheld gaming computer developed by Valve.,false
Miscellaneous,Astrophotography,https://github.com/lunohodov/awesome-astrophotography#readme,"Photography of astronomical objects, celestial events, or areas of the night sky.",false
Miscellaneous,HPC,https://github.com/dstdev/awesome-hpc#readme,High Performance Computing.,false
Miscellaneous,Geocaching,https://github.com/FoxFil/awesome-geocaching#readme,Outdoor treasure-hunting activity that uses GPS-enabled devices.,false
Miscellaneous,Regex,https://github.com/slevithan/awesome-regex#readme,Specialized language for matching patterns in text.,false
Miscellaneous,Event-Driven Architecture,https://github.com/lutzh/awesome-event-driven-architecture#readme,A software architecture approach where services collaborate by publishing and subscribing to events.,false
Miscellaneous,Permacomputing,https://github.com/idematos/awesome-permacomputing#readme,Resilient and regenerative computing practices inspired by permaculture.,false
Miscellaneous,Standards,https://github.com/donBarbos/awesome-standards#readme,"Proposals and standards that define and enhance software, languages, and related technologies.",false
Miscellaneous,Claude Code,https://github.com/hesreallyhim/awesome-claude-code#readme,Terminal-based AI coding assistant by Anthropic.,false
Miscellaneous,Gemini CLI,https://github.com/Piebald-AI/awesome-gemini-cli#readme,Terminal-based AI coding assistant by Google.,false
Miscellaneous,SAP Commerce,https://github.com/eminyagiz42/awesome-sap-commerce#readme,"An e-commerce platform built with Java, Spring MVC, and Angular.",false
Miscellaneous,Tech Ethics,https://github.com/sampart/awesome-tech-ethics#readme,Mitigating and avoiding the potential negative effects of technology on society.,false
Miscellaneous,Copilot Agents,https://github.com/Code-and-Sorts/awesome-copilot-agents#readme,AI pair programming assistant by GitHub that provides code suggestions and completions.,false
Related,All Awesome Lists,https://github.com/topics/awesome,All the Awesome lists on GitHub.,false
Related,Awesome Search,https://awesomelists.top,Quick search for Awesome lists.,false
Related,StumbleUponAwesome,https://github.com/basharovV/StumbleUponAwesome,Discover random pages from the Awesome dataset using a browser extension.,false
Related,Awesome CLI,https://github.com/umutphp/awesome-cli,A simple command-line tool to dive into Awesome lists.,false
Related,Track Awesome List,https://www.trackawesomelist.com,View the latest updates of Awesome lists.,false
